"word","sentiment","n"
"cheated","negative",25
"upset","negative",25
"cheating","negative",24
"died","negative",18
"lost","negative",16
"break","negative",15
"broke","negative",15
"crazy","negative",14
"furious","negative",14
"wrong","negative",14
"love","positive",13
"angry","negative",12
"weird","negative",12
"uncomfortable","negative",11
"bad","negative",9
"suspect","negative",9
"cancer","negative",8
"confused","negative",8
"expensive","negative",8
"raped","negative",8
"refuses","negative",8
"stole","negative",8
"crush","negative",7
"devastated","negative",7
"hell","negative",7
"hurt","negative",7
"support","positive",7
"threatening","negative",7
"abusive","negative",6
"creepy","negative",6
"happy","positive",6
"helped","positive",6
"inappropriate","negative",6
"refuse","negative",6
"ruined","negative",6
"scared","negative",6
"shit","negative",6
"worried","negative",6
"badly","negative",5
"breaking","negative",5
"clean","positive",5
"mad","negative",5
"mistake","negative",5
"nervous","negative",5
"pretty","positive",5
"sick","negative",5
"crushed","negative",4
"cute","positive",4
"death","negative",4
"dick","negative",4
"drunk","negative",4
"fake","negative",4
"happily","positive",4
"hate","negative",4
"hates","negative",4
"hurtful","negative",4
"issues","negative",4
"joke","negative",4
"kill","negative",4
"killed","negative",4
"lack","negative",4
"lying","negative",4
"ruin","negative",4
"terrible","negative",4
"won","positive",4
"addict","negative",3
"allergies","negative",3
"awful","negative",3
"bully","negative",3
"cheat","negative",3
"concerned","negative",3
"dead","negative",3
"difficult","negative",3
"fall","negative",3
"freaking","negative",3
"guilty","negative",3
"hurts","negative",3
"lie","negative",3
"lied","negative",3
"lose","negative",3
"losing","negative",3
"loss","negative",3
"loved","positive",3
"lovely","positive",3
"overweight","negative",3
"pain","negative",3
"positive","positive",3
"refusing","negative",3
"sexy","positive",3
"steal","negative",3
"stealing","negative",3
"stranger","negative",3
"successful","positive",3
"threesome","negative",3
"trouble","negative",3
"unreasonable","negative",3
"worse","negative",3
"worth","positive",3
"absurd","negative",2
"affection","positive",2
"afford","positive",2
"afraid","negative",2
"anger","negative",2
"bothering","negative",2
"broken","negative",2
"comfortable","positive",2
"confront","negative",2
"conservative","negative",2
"cool","positive",2
"creeping","negative",2
"crisis","negative",2
"cruel","negative",2
"danger","negative",2
"disabled","negative",2
"disappointed","negative",2
"disturbing","negative",2
"dying","negative",2
"estranged","negative",2
"falling","negative",2
"fallout","negative",2
"favorite","positive",2
"fell","negative",2
"free","positive",2
"fun","positive",2
"grace","positive",2
"guilt","negative",2
"hang","negative",2
"hard","negative",2
"horrific","negative",2
"hurting","negative",2
"idiot","negative",2
"insulted","negative",2
"jealous","negative",2
"jerk","negative",2
"killing","negative",2
"likes","positive",2
"lonely","negative",2
"mess","negative",2
"messed","negative",2
"omission","negative",2
"peace","positive",2
"poorly","negative",2
"popular","positive",2
"pretend","negative",2
"properly","positive",2
"racist","negative",2
"rants","negative",2
"refused","negative",2
"rejected","negative",2
"resent","negative",2
"resentful","negative",2
"ruining","negative",2
"screwed","negative",2
"shimmer","negative",2
"shine","positive",2
"shocked","negative",2
"slowly","negative",2
"spite","negative",2
"split","negative",2
"spoil","negative",2
"strange","negative",2
"struggling","negative",2
"stupid","negative",2
"super","positive",2
"suspicious","negative",2
"threats","negative",2
"tired","negative",2
"ugly","negative",2
"unable","negative",2
"unnecessary","negative",2
"wasting","negative",2
"weirdly","negative",2
"wonderful","positive",2
"worsening","negative",2
"worst","negative",2
"abuse","negative",1
"abused","negative",1
"accessible","positive",1
"accuse","negative",1
"accusing","negative",1
"addicted","negative",1
"advantage","positive",1
"aggressive","negative",1
"alarming","negative",1
"alienated","negative",1
"allergic","negative",1
"amazing","positive",1
"ambiguous","negative",1
"annoying","negative",1
"anxiety","negative",1
"attack","negative",1
"attractive","positive",1
"awkward","negative",1
"begging","negative",1
"belittling","negative",1
"benefits","positive",1
"bitch","negative",1
"bizarre","negative",1
"blatantly","negative",1
"blemish","negative",1
"blind","negative",1
"blow","negative",1
"boycott","negative",1
"breakdown","negative",1
"bumped","negative",1
"burden","negative",1
"burning","negative",1
"butcher","negative",1
"charming","positive",1
"cheap","negative",1
"childish","negative",1
"clique","negative",1
"comfort","positive",1
"competitive","positive",1
"complained","negative",1
"complaining","negative",1
"complicated","negative",1
"conflict","negative",1
"confrontation","negative",1
"consistently","positive",1
"conveniently","positive",1
"convincing","positive",1
"courage","positive",1
"courageous","positive",1
"crap","negative",1
"crass","negative",1
"crippling","negative",1
"critical","negative",1
"damn","negative",1
"damning","negative",1
"dark","negative",1
"deaf","negative",1
"debts","negative",1
"demon","negative",1
"denied","negative",1
"denies","negative",1
"depression","negative",1
"desperate","negative",1
"despise","negative",1
"die","negative",1
"disdain","negative",1
"disgusting","negative",1
"dislikes","negative",1
"disown","negative",1
"disrespectful","negative",1
"disturbed","negative",1
"doubts","negative",1
"drastically","negative",1
"dump","negative",1
"easier","positive",1
"embarrassing","negative",1
"encouraging","positive",1
"fallen","negative",1
"fat","negative",1
"fault","negative",1
"favor","positive",1
"fear","negative",1
"flaky","negative",1
"forbidden","negative",1
"fraud","negative",1
"freedom","positive",1
"frenzy","negative",1
"friendly","positive",1
"froze","negative",1
"fuck","negative",1
"funny","negative",1
"gain","positive",1
"gold","positive",1
"gorgeous","positive",1
"gracefully","positive",1
"gross","negative",1
"growl","negative",1
"guidance","positive",1
"handsome","positive",1
"harassed","negative",1
"harmless","positive",1
"hating","negative",1
"hatred","negative",1
"healthy","positive",1
"helpful","positive",1
"helping","positive",1
"horrible","negative",1
"hot","positive",1
"hypocrite","negative",1
"hypocritical","negative",1
"ignore","negative",1
"immature","negative",1
"inappropriately","negative",1
"inconvenience","negative",1
"insecure","negative",1
"insensitive","negative",1
"insensitively","negative",1
"instantly","positive",1
"insulting","negative",1
"interfere","negative",1
"intimacy","positive",1
"irreparable","negative",1
"issue","negative",1
"jealousy","negative",1
"liar","negative",1
"lies","negative",1
"loose","negative",1
"loser","negative",1
"loves","positive",1
"madly","negative",1
"manipulate","negative",1
"messing","negative",1
"miscellaneous","negative",1
"missed","negative",1
"mocking","negative",1
"monster","negative",1
"mortified","negative",1
"murder","negative",1
"mysteriously","negative",1
"mystery","negative",1
"nicely","positive",1
"nightmare","negative",1
"noise","negative",1
"obese","negative",1
"obscene","negative",1
"openly","positive",1
"optimism","positive",1
"oversight","negative",1
"paranoid","negative",1
"patient","positive",1
"perfect","positive",1
"petty","negative",1
"picky","negative",1
"poison","negative",1
"poor","negative",1
"pride","positive",1
"prison","negative",1
"progress","positive",1
"promise","positive",1
"proper","positive",1
"protective","positive",1
"prowess","positive",1
"quiet","positive",1
"rage","negative",1
"raging","negative",1
"randomly","negative",1
"ranted","negative",1
"ready","positive",1
"realistic","positive",1
"reckless","negative",1
"refusal","negative",1
"regard","positive",1
"reluctantly","negative",1
"repulsive","negative",1
"retreat","negative",1
"rich","positive",1
"ridiculous","negative",1
"ripped","negative",1
"rogue","negative",1
"romantic","positive",1
"rough","negative",1
"sabotage","negative",1
"sad","negative",1
"savings","positive",1
"selfish","negative",1
"shame","negative",1
"shock","negative",1
"shunned","negative",1
"silent","positive",1
"silly","negative",1
"skill","positive",1
"skinny","negative",1
"slut","negative",1
"smart","positive",1
"smash","negative",1
"smells","negative",1
"sober","negative",1
"solidarity","positive",1
"spoiled","negative",1
"strain","negative",1
"stress","negative",1
"stressful","negative",1
"strong","positive",1
"struggles","negative",1
"stupidity","negative",1
"suck","negative",1
"suffer","negative",1
"supported","positive",1
"supportive","positive",1
"suspiciously","negative",1
"thoughtful","positive",1
"threat","negative",1
"threaten","negative",1
"tough","positive",1
"traitor","negative",1
"trash","negative",1
"traumatic","negative",1
"trick","negative",1
"tricked","negative",1
"troubles","negative",1
"ultimatum","negative",1
"unemployed","negative",1
"unfaithful","negative",1
"unrealistic","negative",1
"unresponsive","negative",1
"unsure","negative",1
"unwanted","negative",1
"upsetting","negative",1
"utterly","negative",1
"vicious","negative",1
"warned","negative",1
"warning","negative",1
"wasted","negative",1
"wealthy","positive",1
"wonders","positive",1
